benchmark,implementation,compiler,mean,std,min,max,repetitions,iter0,iter1,iter2,iter3,iter4,iter5,iter6,iter7,iter8,iter9,iter10,iter11,iter12,iter13,iter14,iter15,iter16,iter17,iter18,iter19,iter20,iter21,iter22,iter23,iter24,iter25,iter26,iter27,iter28,iter29
bfs,js,browserify,7.9912,0.0864,7.8910,8.1120,30,8.0720,8.0650,8.0840,8.1110,8.0400,8.1010,8.1040,8.1060,8.1000,8.0950,8.0940,7.9050,8.1120,7.9630,7.9050,7.9600,7.9000,7.9460,7.9630,7.9560,7.8990,7.9390,7.9030,7.8970,7.8910,7.9070,7.9630,7.8950,7.9600,7.8990
bfs,cpp,wasm,2.0264,0.0114,2.0120,2.0680,30,2.0130,2.0300,2.0330,2.0130,2.0330,2.0140,2.0190,2.0680,2.0300,2.0140,2.0270,2.0120,2.0300,2.0170,2.0290,2.0190,2.0300,2.0140,2.0300,2.0270,2.0290,2.0300,2.0320,2.0350,2.0150,2.0280,2.0150,2.0330,2.0360,2.0370
spmv,c,wasm,21.0818,0.0754,20.9480,21.2350,30,21.0540,21.0960,21.0810,20.9480,21.1300,21.0130,21.1940,21.0050,21.0900,21.0840,21.0020,20.9890,21.0350,21.0620,20.9860,20.9680,21.1800,21.1580,20.9640,21.0200,21.1560,21.2350,21.1560,21.1530,21.1380,21.1090,21.1100,21.1220,21.1220,21.0940
lud,js,browserify,66.7039,0.6501,65.0290,67.5760,30,67.1090,66.9590,66.8700,67.4110,66.0640,67.3210,65.6110,65.8840,66.9380,66.0010,67.2920,67.0240,67.1640,67.3610,66.2330,65.9350,66.4420,66.8740,67.2310,67.5040,66.9800,67.0100,65.0290,67.1160,66.6860,66.0910,67.1170,67.5760,66.5220,65.7610
lud,c,wasm,53.8421,0.4388,53.1460,54.8600,30,54.2270,53.7710,53.6020,53.8620,53.8280,53.1460,53.3660,53.8790,53.6810,53.7530,54.0460,53.4940,54.2210,54.0320,53.2690,53.3020,54.1290,53.6980,53.4350,53.4640,54.8600,54.7370,54.5670,53.5210,54.0080,54.5230,53.8300,53.6200,53.3780,54.0130
spmv,js,browserify,33.9186,0.1220,33.7230,34.2690,30,34.2690,33.7400,33.7840,33.9770,33.9560,34.0250,34.0580,33.8690,33.9260,33.7350,33.7920,34.0210,33.7990,34.0410,33.9660,33.9900,33.9950,33.9740,33.9820,33.9230,33.7910,34.0070,33.8090,33.7600,34.0000,33.7230,33.9490,33.8560,33.9080,33.9320
backprop,c,wasm,5.3385,0.0251,5.2980,5.3930,30,5.3430,5.3470,5.3660,5.3520,5.3480,5.3370,5.3490,5.3120,5.3160,5.2980,5.3440,5.3320,5.3300,5.3590,5.3560,5.3060,5.3400,5.3430,5.3500,5.3060,5.3470,5.3120,5.3480,5.3070,5.3070,5.3920,5.3040,5.3720,5.3930,5.3380
backprop,js,browserify,9.8795,0.1049,9.7590,10.2410,30,10.2410,9.8190,9.9470,9.7830,9.7710,9.8370,9.8690,9.7840,9.9760,9.7590,10.0120,9.9780,9.9590,9.8200,9.8310,9.8520,9.8020,9.8340,9.8080,9.8560,9.8760,9.8340,9.8600,9.9060,9.8660,10.0820,9.8160,9.9820,9.8450,9.7790
fft,js,browserify,20.2561,0.2716,19.9140,20.8950,30,20.0570,20.2410,19.9460,20.1890,19.9510,20.7750,19.9690,20.2790,20.5440,20.1300,20.3110,20.0900,20.2530,20.7270,20.0280,20.1420,19.9140,20.2970,19.9740,19.9270,20.0710,20.0840,20.5240,20.4600,20.0760,20.3450,20.6460,20.4320,20.4060,20.8950
crc,js,browserify,7.9768,0.0601,7.9160,8.0860,30,7.9190,7.9190,8.0080,8.0860,8.0520,8.0640,7.9810,8.0560,7.9360,7.9200,8.0080,7.9220,7.9210,7.9210,7.9990,7.9390,8.0820,7.9950,7.9390,8.0810,7.9710,7.9720,7.9330,7.9180,7.9850,7.9490,7.9160,7.9250,7.9180,8.0700
crc,c,wasm,7.8771,0.0549,7.8190,7.9940,30,7.8870,7.8500,7.8250,7.8700,7.8840,7.8620,7.8210,7.8690,7.9500,7.8830,7.8790,7.9940,7.9860,7.8770,7.8250,7.8950,7.9020,7.8250,7.8190,7.8490,7.8200,7.9860,7.8520,7.8270,7.8210,7.9460,7.9200,7.8220,7.9460,7.8210
fft,c,wasm,10.7872,0.0907,10.6470,11.0100,30,10.7880,10.9590,10.7100,10.8680,10.7840,11.0100,10.6510,10.6520,10.6470,10.7780,10.6930,10.8090,10.8670,10.8070,10.8060,10.8290,10.8780,10.7320,10.7080,10.6890,10.7440,10.7290,10.7170,10.8820,10.8540,10.7080,10.8230,10.8940,10.7680,10.8330
hmm,js,browserify,112.1745,0.3220,111.2780,112.8690,30,111.9550,112.5260,112.2700,112.8690,111.6190,112.2160,111.9870,112.3050,112.2100,112.2370,112.2110,112.6760,112.2870,111.6410,112.2390,112.1500,111.9680,112.0280,112.5400,112.2580,112.0880,112.0190,111.2780,112.0430,112.4300,112.0100,112.6620,112.0780,112.1180,112.3180
hmm,c,wasm,92.9389,0.5207,91.7080,93.8870,30,92.8170,93.0290,93.0870,93.0850,93.2210,92.3720,93.1280,93.2920,92.6390,92.6630,93.8870,93.5750,93.3660,93.0310,93.3460,92.2920,92.5480,91.7080,93.5860,93.4290,93.1000,93.5250,93.4300,92.2980,92.9190,92.9640,92.6880,92.6200,92.7900,91.7330
lavamd,js,browserify,21.4689,0.0493,21.3720,21.5960,30,21.4860,21.5070,21.5010,21.5960,21.4650,21.5420,21.5090,21.5100,21.5040,21.4680,21.5020,21.4440,21.4200,21.4210,21.4110,21.4890,21.4410,21.4930,21.4110,21.4050,21.4500,21.4500,21.4400,21.3720,21.4440,21.4580,21.3970,21.5050,21.4930,21.5330
nqueens,js,browserify,46.6913,0.0829,46.6140,46.8170,30,46.6200,46.8150,46.6290,46.8170,46.7580,46.6200,46.7660,46.6200,46.6420,46.6330,46.6190,46.7790,46.6190,46.6320,46.6190,46.7720,46.7700,46.6280,46.6140,46.6330,46.6280,46.6190,46.8140,46.7770,46.7780,46.6260,46.6420,46.6230,46.8120,46.8140
nqueens,c,wasm,22.3044,0.0443,22.2330,22.3710,30,22.3540,22.3610,22.2630,22.2870,22.3500,22.3360,22.3480,22.3310,22.3500,22.3390,22.3680,22.2330,22.3710,22.2650,22.2600,22.2420,22.2520,22.3490,22.2700,22.2820,22.2530,22.2720,22.2830,22.3510,22.3480,22.3140,22.2920,22.2860,22.2490,22.2730
lavamd,c,wasm,11.9125,0.0277,11.8660,11.9580,30,11.8750,11.9090,11.9380,11.9380,11.8660,11.9030,11.9230,11.8870,11.9370,11.9290,11.9070,11.8920,11.9580,11.9030,11.9070,11.9310,11.9200,11.8840,11.9580,11.8820,11.9440,11.8980,11.8690,11.8830,11.9390,11.8880,11.9420,11.9240,11.9550,11.8850
pagerank,js,browserify,9.3480,0.0362,9.2880,9.3900,30,9.3810,9.2910,9.3640,9.3080,9.3330,9.3480,9.2880,9.3180,9.3660,9.3070,9.2920,9.3720,9.3810,9.2990,9.3730,9.3680,9.3760,9.3790,9.3180,9.3770,9.2880,9.3900,9.3660,9.3790,9.3840,9.3700,9.3740,9.3860,9.2980,9.3670
nw,js,browserify,2.8672,0.0222,2.8420,2.9440,30,2.8720,2.8420,2.8740,2.8560,2.8550,2.8710,2.8770,2.8430,2.8430,2.8720,2.9440,2.8650,2.8660,2.8420,2.9340,2.8610,2.8790,2.8560,2.8540,2.8720,2.8680,2.8620,2.8650,2.8620,2.8580,2.8800,2.8640,2.8600,2.8600,2.8600
nw,c,wasm,0.9754,0.0042,0.9700,0.9830,30,0.9710,0.9710,0.9800,0.9800,0.9720,0.9710,0.9800,0.9720,0.9830,0.9710,0.9700,0.9730,0.9800,0.9730,0.9800,0.9720,0.9800,0.9800,0.9790,0.9730,0.9720,0.9720,0.9760,0.9790,0.9770,0.9710,0.9730,0.9800,0.9710,0.9810
pagerank,c,wasm,5.9288,0.0264,5.8940,5.9670,30,5.9670,5.9550,5.9480,5.9420,5.8990,5.9060,5.9570,5.9600,5.9610,5.9050,5.9550,5.9050,5.9070,5.9180,5.9020,5.9040,5.9600,5.8940,5.9390,5.9030,5.9340,5.9260,5.9000,5.9130,5.9640,5.8960,5.9170,5.9670,5.9020,5.9590
srad,js,browserify,79.6787,0.4355,79.0210,80.9720,30,80.2600,79.6410,79.1010,79.2580,79.3050,79.2670,80.0460,79.5840,80.9720,79.7620,79.1590,79.7710,80.2850,79.0210,79.9780,79.2780,79.2860,79.7770,79.8450,79.7540,80.0950,79.7350,79.4900,79.3080,79.1300,80.0810,79.8330,80.0600,79.5860,79.6920
srad,c,wasm,34.7474,0.2129,34.4410,35.1720,30,34.7020,34.7010,35.1520,34.4750,34.8810,34.8300,34.4510,34.4890,34.4670,34.8770,34.8600,34.8000,34.8000,34.5040,34.7860,34.8570,34.7530,34.8240,34.8310,35.1560,34.8030,34.9760,34.4410,34.8420,34.7830,34.5010,35.1720,34.4430,34.6940,34.5700
